bus_id,route_no,direction,stop_name,timepoint,arrival_time,departure_time,boarded,alighted,occupancy_after,dwell_time_s,headway_s,is_peak
144G_1028_R1,144,inbound,Punchi Borella,1,2025-10-28 10:11:52,2025-10-28 10:12:22,3,6,38,30,404,0
171D_1030_R1,171,outbound,Punchi Borella,0,2025-10-30 19:06:49,2025-10-30 19:07:51,17,1,73,62,343,0
171B_1026_R2,171,outbound,Koswatta,1,2025-10-26 13:02:27,2025-10-26 13:02:57,4,3,72,30,570,0
144G_1029_R2,144,outbound,Punchi Borella,0,2025-10-29 19:29:37,2025-10-29 19:30:43,15,5,29,66,596,0
103E_1031_R2,103,inbound,Borella,0,2025-10-31 07:42:32,2025-10-31 07:43:41,15,4,34,69,416,1
103I_1026_R2,103,outbound,Pettah,0,2025-10-26 08:34:58,2025-10-26 08:35:58,16,4,52,60,433,1
103C_1025_R2,103,outbound,Fort,1,2025-10-25 17:24:00,2025-10-25 17:25:17,21,4,31,77,399,1
103B_1025_R2,103,inbound,Maradana,1,2025-10-25 08:03:20,2025-10-25 08:04:41,20,6,53,81,593,1
171B_1026_R2,171,inbound,Technical Junction,0,2025-10-26 17:12:13,2025-10-26 17:13:41,11,13,87,88,467,1
171E_1025_R1,171,outbound,Battaramulla,0,2025-10-25 10:55:26,2025-10-25 10:56:07,6,6,44,41,700,0
144A_1028_R1,144,outbound,Fort,1,2025-10-28 17:47:00,2025-10-28 17:47:41,11,1,11,41,556,1
171D_1027_R1,171,outbound,Punchi Borella,0,2025-10-27 07:31:50,2025-10-27 07:32:42,13,1,58,52,519,1
171J_1031_R2,171,outbound,Fort,1,2025-10-31 16:26:00,2025-10-31 16:27:16,16,5,22,76,270,1
171B_1028_R1,171,outbound,Technical Junction,0,2025-10-28 07:39:26,2025-10-28 07:40:58,23,6,33,92,492,1
171F_1025_R1,171,outbound,Koswatta,1,2025-10-25 19:03:44,2025-10-25 19:04:36,7,7,62,52,569,0
171B_1031_R2,171,inbound,Pettah,0,2025-10-31 08:37:45,2025-10-31 08:38:36,6,6,60,51,376,1
103F_1031_R1,103,inbound,Punchi Borella,0,2025-10-31 17:15:59,2025-10-31 17:16:54,12,5,30,55,489,1
171A_1028_R1,171,outbound,Technical Junction,0,2025-10-28 17:03:20,2025-10-28 17:04:16,14,2,65,56,617,1
171F_1026_R1,171,outbound,Battaramulla,0,2025-10-26 20:06:54,2025-10-26 20:07:42,8,6,69,48,720,0
171H_1025_R1,171,inbound,Pettah,0,2025-10-25 14:54:52,2025-10-25 14:55:45,8,5,80,53,565,0
144E_1025_R2,144,inbound,Borella,0,2025-10-25 17:25:18,2025-10-25 17:26:13,11,4,34,55,513,1
103E_1028_R2,103,inbound,Fort,1,2025-10-28 08:21:38,2025-10-28 08:22:42,11,8,34,64,464,1
171B_1025_R1,171,outbound,Battaramulla,0,2025-10-25 10:07:09,2025-10-25 10:07:47,8,5,55,38,616,0
144A_1026_R1,144,outbound,Cotta Road,0,2025-10-26 07:23:31,2025-10-26 07:24:25,10,7,52,54,675,1
103G_1028_R1,103,inbound,Narahenpita,1,2025-10-28 07:07:00,2025-10-28 07:07:51,15,3,32,51,439,1
144B_1029_R1,144,inbound,Punchi Borella,1,2025-10-29 16:26:31,2025-10-29 16:27:42,21,6,71,71,550,1
171J_1027_R1,171,outbound,Welikada,0,2025-10-27 06:58:26,2025-10-27 06:59:29,10,6,48,63,548,0
171I_1030_R1,171,outbound,Punchi Borella,0,2025-10-30 09:03:30,2025-10-30 09:04:09,10,2,59,39,284,0
144B_1026_R2,144,inbound,Punchi Borella,1,2025-10-26 07:30:50,2025-10-26 07:31:51,11,7,48,61,424,1
171D_1027_R2,171,inbound,Maradana,0,2025-10-27 10:57:23,2025-10-27 10:58:03,9,4,75,40,438,0
144I_1030_R1,144,outbound,Fort,1,2025-10-30 07:38:00,2025-10-30 07:38:56,15,4,43,56,612,1
144J_1025_R1,144,outbound,Punchi Borella,0,2025-10-25 10:33:39,2025-10-25 10:34:40,15,3,55,61,782,0
144G_1030_R1,144,inbound,Fort,1,2025-10-30 09:01:21,2025-10-30 09:02:21,8,9,27,60,471,0
171C_1026_R1,171,outbound,Maradana,0,2025-10-26 08:10:00,2025-10-26 08:11:01,18,3,50,61,471,1
103C_1029_R1,103,inbound,Punchi Borella,0,2025-10-29 11:07:27,2025-10-29 11:08:27,11,3,25,60,594,0
171I_1028_R1,171,inbound,Maradana,0,2025-10-28 08:07:47,2025-10-28 08:08:56,8,8,90,69,459,1
103B_1030_R2,103,outbound,Borella,0,2025-10-30 12:33:13,2025-10-30 12:34:07,7,8,73,54,643,0
171B_1028_R1,171,inbound,Battaramulla,0,2025-10-28 18:54:07,2025-10-28 18:55:20,26,2,44,73,728,1
171G_1025_R1,171,inbound,Battaramulla,0,2025-10-25 17:52:25,2025-10-25 17:53:38,20,3,50,73,292,1
144H_1031_R2,144,outbound,Maradana,0,2025-10-31 09:53:27,2025-10-31 09:54:27,9,7,36,60,395,0
171A_1028_R2,171,inbound,Pettah,0,2025-10-28 16:45:45,2025-10-28 16:46:31,8,7,61,46,371,1
171B_1029_R2,171,inbound,Welikada,0,2025-10-29 12:53:21,2025-10-29 12:54:25,15,5,42,64,360,0
171D_1026_R1,171,outbound,Rajagiriya,0,2025-10-26 18:22:54,2025-10-26 18:23:41,5,5,99,47,529,1
103D_1031_R1,103,outbound,Punchi Borella,1,2025-10-31 17:15:30,2025-10-31 17:16:42,16,7,48,72,577,1
144I_1031_R1,144,outbound,Punchi Borella,0,2025-10-31 20:12:39,2025-10-31 20:13:32,10,5,41,53,455,0
144D_1029_R1,144,inbound,Punchi Borella,1,2025-10-29 17:45:40,2025-10-29 17:47:14,25,5,85,94,518,1
171C_1028_R1,171,inbound,Punchi Borella,0,2025-10-28 08:34:43,2025-10-28 08:35:58,15,9,74,75,402,1
144C_1025_R1,144,outbound,Borella,1,2025-10-25 19:32:10,2025-10-25 19:32:59,15,5,47,49,608,0
103G_1030_R1,103,outbound,Borella,0,2025-10-30 17:32:27,2025-10-30 17:33:13,4,5,39,46,354,1
144G_1028_R2,144,outbound,Fort,1,2025-10-28 17:02:00,2025-10-28 17:02:43,6,5,42,43,553,1
171H_1029_R1,171,outbound,Rajagiriya,0,2025-10-29 20:21:52,2025-10-29 20:22:42,3,12,48,50,532,0
171B_1029_R1,171,outbound,Rajagiriya,0,2025-10-29 06:46:19,2025-10-29 06:47:08,7,7,58,49,681,0
144D_1025_R2,144,outbound,Cotta Road,0,2025-10-25 20:06:19,2025-10-25 20:07:25,11,7,42,66,390,0
103B_1031_R2,103,inbound,Maradana,1,2025-10-31 10:08:01,2025-10-31 10:09:05,13,3,31,64,647,0
171J_1027_R2,171,outbound,Cotta Road,0,2025-10-27 16:54:22,2025-10-27 16:55:12,8,7,83,50,337,1
103J_1031_R1,103,outbound,Pettah,0,2025-10-31 17:50:33,2025-10-31 17:51:36,16,3,43,63,430,1
103I_1030_R1,103,outbound,Narahenpita,1,2025-10-30 10:49:10,2025-10-30 10:50:04,8,7,53,54,382,0
103J_1031_R2,103,outbound,Narahenpita,1,2025-10-31 20:29:00,2025-10-31 20:29:48,5,6,42,48,302,0
103F_1027_R1,103,inbound,Maradana,1,2025-10-27 17:38:04,2025-10-27 17:38:46,7,6,32,42,566,1
171F_1028_R1,171,outbound,Cotta Road,0,2025-10-28 16:53:14,2025-10-28 16:53:51,9,3,76,37,455,1
144D_1028_R2,144,outbound,Cotta Road,0,2025-10-28 08:46:57,2025-10-28 08:48:03,9,10,77,66,480,1
103J_1028_R1,103,outbound,Maradana,0,2025-10-28 09:01:54,2025-10-28 09:02:46,12,4,51,52,512,0
144H_1031_R1,144,inbound,Borella,0,2025-10-31 17:32:23,2025-10-31 17:33:40,20,5,74,77,482,1
171C_1027_R1,171,outbound,Battaramulla,0,2025-10-27 17:24:00,2025-10-27 17:24:40,6,4,115,40,451,1
144A_1029_R1,144,inbound,Cotta Road,0,2025-10-29 16:09:31,2025-10-29 16:11:02,19,8,33,91,540,1
171I_1027_R2,171,outbound,Fort,1,2025-10-27 17:16:00,2025-10-27 17:16:52,11,5,20,52,577,1
144C_1026_R1,144,inbound,Borella,0,2025-10-26 09:32:12,2025-10-26 09:32:54,8,5,20,42,499,0
144G_1031_R1,144,outbound,Fort,1,2025-10-31 10:29:00,2025-10-31 10:30:13,16,4,23,73,379,0
171I_1027_R1,171,outbound,Technical Junction,0,2025-10-27 07:35:12,2025-10-27 07:35:56,7,4,50,44,203,1
103E_1025_R2,103,outbound,Fort,1,2025-10-25 07:06:00,2025-10-25 07:07:03,15,5,43,63,501,1
171I_1027_R1,171,inbound,Pettah,0,2025-10-27 19:14:19,2025-10-27 19:15:03,8,3,75,44,417,0
103A_1029_R1,103,outbound,Narahenpita,1,2025-10-29 07:57:27,2025-10-29 07:58:15,10,8,73,48,551,1
103J_1030_R1,103,outbound,Pettah,0,2025-10-30 16:10:03,2025-10-30 16:11:11,19,3,48,68,314,1
103D_1029_R1,103,outbound,Fort,1,2025-10-29 14:49:00,2025-10-29 14:49:42,3,4,9,42,430,0
103H_1029_R1,103,inbound,Fort,1,2025-10-29 08:20:52,2025-10-29 08:21:54,13,9,72,62,550,1
103C_1031_R1,103,outbound,Maradana,0,2025-10-31 14:33:01,2025-10-31 14:33:56,11,4,27,55,489,0
171E_1031_R2,171,outbound,Maradana,0,2025-10-31 09:08:26,2025-10-31 09:09:36,17,4,81,70,559,0
144H_1026_R1,144,outbound,Punchi Borella,0,2025-10-26 19:00:15,2025-10-26 19:01:25,13,4,38,70,604,0
171E_1031_R2,171,inbound,Fort,1,2025-10-31 15:02:29,2025-10-31 15:03:41,12,8,69,72,586,0
171B_1028_R2,171,inbound,Borella,1,2025-10-28 10:31:14,2025-10-28 10:32:05,11,6,57,51,700,0
171D_1028_R1,171,inbound,Punchi Borella,0,2025-10-28 06:29:55,2025-10-28 06:30:59,9,8,86,64,494,0
171F_1027_R1,171,outbound,Rajagiriya,0,2025-10-27 11:06:50,2025-10-27 11:07:11,7,0,54,21,443,0
144F_1025_R1,144,inbound,Rajagiriya,1,2025-10-25 07:14:00,2025-10-25 07:14:47,16,1,39,47,666,1
171F_1031_R1,171,inbound,Rajagiriya,0,2025-10-31 20:56:14,2025-10-31 20:57:13,15,3,46,59,377,0
171E_1030_R1,171,outbound,Welikada,0,2025-10-30 17:57:46,2025-10-30 17:58:40,7,8,71,54,414,1
171J_1031_R2,171,outbound,Welikada,0,2025-10-31 17:04:39,2025-10-31 17:05:40,9,5,56,61,270,1
144A_1025_R2,144,inbound,Borella,0,2025-10-25 08:01:17,2025-10-25 08:02:24,19,1,58,67,350,1
103F_1029_R2,103,outbound,Narahenpita,1,2025-10-29 07:17:55,2025-10-29 07:18:51,10,7,58,56,497,1
171C_1031_R1,171,inbound,Borella,1,2025-10-31 17:47:41,2025-10-31 17:49:07,8,13,71,86,315,1
144D_1030_R1,144,inbound,Fort,1,2025-10-30 10:05:57,2025-10-30 10:06:46,7,5,47,49,364,0
144J_1027_R1,144,outbound,Borella,1,2025-10-27 09:28:24,2025-10-27 09:29:43,17,9,49,79,716,0
103H_1026_R1,103,inbound,Maradana,1,2025-10-26 09:44:45,2025-10-26 09:45:54,15,9,38,69,517,0
171C_1025_R2,171,outbound,Welikada,0,2025-10-25 19:46:03,2025-10-25 19:46:41,6,5,41,38,686,0
103A_1027_R1,103,outbound,Borella,0,2025-10-27 16:45:18,2025-10-27 16:46:31,11,12,37,73,609,1
103I_1030_R1,103,inbound,Maradana,1,2025-10-30 17:28:00,2025-10-30 17:29:41,26,5,61,101,657,1
144B_1030_R2,144,outbound,Cotta Road,0,2025-10-30 06:53:57,2025-10-30 06:54:39,7,4,45,42,370,0
103E_1027_R1,103,outbound,Fort,1,2025-10-27 17:05:00,2025-10-27 17:06:27,24,5,29,87,425,1
103J_1025_R2,103,outbound,Punchi Borella,1,2025-10-25 20:55:23,2025-10-25 20:56:05,6,7,33,42,414,0
144E_1028_R1,144,outbound,Punchi Borella,0,2025-10-28 17:14:34,2025-10-28 17:15:50,14,7,50,76,521,1
144H_1027_R2,144,inbound,Rajagiriya,1,2025-10-27 09:50:00,2025-10-27 09:50:52,12,2,22,52,501,0
144I_1025_R2,144,inbound,Fort,1,2025-10-25 07:37:29,2025-10-25 07:38:24,7,8,79,55,444,1
171A_1030_R1,171,inbound,Punchi Borella,0,2025-10-30 07:04:23,2025-10-30 07:05:05,8,1,67,42,655,1
171B_1025_R1,171,inbound,Borella,1,2025-10-25 16:47:42,2025-10-25 16:48:54,13,8,104,72,345,1
103H_1025_R2,103,inbound,Narahenpita,1,2025-10-25 09:05:00,2025-10-25 09:05:53,10,2,33,53,442,0
103I_1026_R2,103,outbound,Maradana,0,2025-10-26 08:40:05,2025-10-26 08:41:30,21,5,68,85,433,1
144E_1027_R1,144,outbound,Maradana,0,2025-10-27 16:23:01,2025-10-27 16:24:32,23,5,62,91,546,1
171B_1028_R2,171,inbound,Technical Junction,0,2025-10-28 10:48:46,2025-10-28 10:49:26,6,4,60,40,700,0
171C_1029_R2,171,outbound,Punchi Borella,0,2025-10-29 07:12:24,2025-10-29 07:13:37,16,3,61,73,514,1
103C_1030_R1,103,outbound,Fort,1,2025-10-30 07:38:00,2025-10-30 07:38:52,9,6,16,52,601,1
171E_1029_R2,171,inbound,Technical Junction,0,2025-10-29 10:56:20,2025-10-29 10:57:10,5,8,49,50,443,0
144C_1027_R1,144,inbound,Rajagiriya,1,2025-10-27 18:17:00,2025-10-27 18:17:43,13,3,22,43,769,1
144D_1026_R2,144,inbound,Maradana,0,2025-10-26 07:19:10,2025-10-26 07:20:06,13,5,45,56,371,1
144J_1028_R2,144,inbound,Maradana,0,2025-10-28 08:23:16,2025-10-28 08:24:28,17,8,86,72,711,1
103D_1025_R2,103,outbound,Maradana,0,2025-10-25 19:47:21,2025-10-25 19:47:55,6,2,49,34,553,0
144J_1028_R1,144,outbound,Maradana,0,2025-10-28 18:00:55,2025-10-28 18:02:03,15,3,28,68,486,1
144G_1028_R2,144,outbound,Cotta Road,0,2025-10-28 17:16:50,2025-10-28 17:17:51,8,14,57,61,553,1
171D_1027_R2,171,inbound,Technical Junction,0,2025-10-27 11:01:48,2025-10-27 11:02:53,11,6,80,65,438,0
144F_1028_R1,144,outbound,Borella,1,2025-10-28 17:13:44,2025-10-28 17:14:55,18,7,64,71,553,1
144E_1029_R1,144,inbound,Rajagiriya,1,2025-10-29 09:14:00,2025-10-29 09:15:08,11,6,25,68,451,0
103E_1028_R1,103,inbound,Punchi Borella,0,2025-10-28 17:59:19,2025-10-28 18:00:35,21,3,52,76,611,1
171I_1030_R1,171,outbound,Pettah,0,2025-10-30 08:49:04,2025-10-30 08:49:44,9,4,28,40,284,1
171F_1029_R1,171,outbound,Fort,1,2025-10-29 16:10:00,2025-10-29 16:10:58,12,1,24,58,566,1
171D_1031_R2,171,outbound,Koswatta,1,2025-10-31 11:47:39,2025-10-31 11:48:30,8,6,60,51,363,0
144D_1030_R1,144,inbound,Rajagiriya,1,2025-10-30 09:41:00,2025-10-30 09:41:57,11,4,21,57,364,0
171D_1027_R1,171,outbound,Technical Junction,0,2025-10-27 07:23:42,2025-10-27 07:24:48,12,6,33,66,519,1
171F_1026_R1,171,outbound,Koswatta,1,2025-10-26 20:12:05,2025-10-26 20:13:11,5,12,62,66,720,0
144B_1031_R2,144,inbound,Fort,1,2025-10-31 07:47:11,2025-10-31 07:47:56,9,5,45,45,460,1
103E_1025_R2,103,outbound,Pettah,0,2025-10-25 07:12:16,2025-10-25 07:13:10,16,4,55,54,501,1
171G_1027_R2,171,inbound,Technical Junction,0,2025-10-27 08:43:25,2025-10-27 08:44:06,4,8,79,41,450,1
171A_1031_R1,171,inbound,Fort,1,2025-10-31 09:36:05,2025-10-31 09:37:01,8,7,68,56,283,0
171B_1027_R1,171,inbound,Cotta Road,0,2025-10-27 06:51:44,2025-10-27 06:52:22,6,5,51,38,324,0
171G_1031_R1,171,outbound,Rajagiriya,0,2025-10-31 12:36:38,2025-10-31 12:37:22,5,7,52,44,537,0
144B_1027_R1,144,outbound,Borella,1,2025-10-27 19:13:52,2025-10-27 19:15:01,13,8,39,69,395,0
171F_1028_R1,171,outbound,Maradana,0,2025-10-28 16:35:43,2025-10-28 16:36:35,13,3,58,52,455,1
103G_1030_R2,103,inbound,Narahenpita,1,2025-10-30 07:29:00,2025-10-30 07:29:37,9,0,9,37,507,1
171D_1026_R2,171,inbound,Rajagiriya,0,2025-10-26 16:58:45,2025-10-26 16:59:51,14,3,73,66,370,1
103D_1027_R1,103,inbound,Fort,1,2025-10-27 17:57:00,2025-10-27 17:58:02,7,11,49,62,470,1
144J_1030_R2,144,outbound,Fort,1,2025-10-30 10:56:00,2025-10-30 10:56:36,6,2,26,36,603,0
171E_1028_R1,171,inbound,Koswatta,1,2025-10-28 16:56:00,2025-10-28 16:56:59,12,5,31,59,271,1
103A_1027_R1,103,inbound,Narahenpita,1,2025-10-27 19:40:00,2025-10-27 19:40:30,6,2,27,30,396,0
171G_1029_R2,171,outbound,Cotta Road,0,2025-10-29 08:51:24,2025-10-29 08:52:06,12,0,68,42,715,1
103D_1029_R1,103,inbound,Borella,0,2025-10-29 13:05:19,2025-10-29 13:06:14,12,2,34,55,497,0
144C_1028_R2,144,inbound,Punchi Borella,1,2025-10-28 18:04:17,2025-10-28 18:05:23,14,7,69,66,410,1
171D_1029_R2,171,outbound,Rajagiriya,0,2025-10-29 19:46:26,2025-10-29 19:47:12,8,4,38,46,530,0
144D_1030_R1,144,inbound,Borella,0,2025-10-30 09:51:33,2025-10-30 09:52:08,4,3,31,35,364,0
171F_1025_R1,171,outbound,Technical Junction,0,2025-10-25 18:24:14,2025-10-25 18:25:16,13,4,37,62,569,1
171C_1028_R1,171,inbound,Maradana,0,2025-10-28 08:41:07,2025-10-28 08:41:58,9,6,77,51,402,1
103H_1026_R2,103,outbound,Punchi Borella,1,2025-10-26 08:16:32,2025-10-26 08:17:42,12,9,40,70,478,1
171I_1031_R1,171,outbound,Koswatta,1,2025-10-31 07:59:51,2025-10-31 08:00:50,11,5,98,59,397,1
171I_1031_R1,171,inbound,Fort,1,2025-10-31 08:29:56,2025-10-31 08:30:50,8,8,71,54,297,1
144F_1030_R2,144,outbound,Borella,1,2025-10-30 19:35:52,2025-10-30 19:36:38,10,4,41,46,450,0
171H_1028_R2,171,outbound,Punchi Borella,0,2025-10-28 08:27:27,2025-10-28 08:28:17,16,2,86,50,417,1
103A_1031_R2,103,outbound,Fort,1,2025-10-31 16:29:00,2025-10-31 16:30:07,15,6,18,67,530,1
171F_1031_R1,171,outbound,Koswatta,1,2025-10-31 18:42:57,2025-10-31 18:43:52,9,9,106,55,478,1
103G_1029_R1,103,inbound,Borella,0,2025-10-29 08:22:16,2025-10-29 08:23:12,15,1,30,56,221,1
144C_1027_R2,144,outbound,Borella,1,2025-10-27 08:35:59,2025-10-27 08:37:14,14,9,68,75,584,1
144C_1028_R2,144,outbound,Fort,1,2025-10-28 17:25:00,2025-10-28 17:25:58,16,3,25,58,344,1
171I_1027_R1,171,outbound,Punchi Borella,0,2025-10-27 07:42:11,2025-10-27 07:43:10,12,2,62,59,203,1
171D_1026_R2,171,inbound,Technical Junction,0,2025-10-26 17:18:48,2025-10-26 17:19:19,2,4,99,31,370,1
171A_1030_R1,171,outbound,Koswatta,1,2025-10-30 09:59:33,2025-10-30 10:00:10,2,5,49,37,342,0
171G_1028_R1,171,outbound,Maradana,0,2025-10-28 10:24:26,2025-10-28 10:25:37,15,4,47,71,363,0
171J_1026_R1,171,outbound,Technical Junction,0,2025-10-26 10:11:14,2025-10-26 10:12:17,14,4,36,63,447,0
171F_1030_R1,171,outbound,Cotta Road,0,2025-10-30 16:37:49,2025-10-30 16:38:33,7,8,60,44,673,1
171C_1031_R1,171,outbound,Borella,1,2025-10-31 10:11:32,2025-10-31 10:12:44,13,10,76,72,366,0
103I_1028_R1,103,inbound,Punchi Borella,0,2025-10-28 06:43:47,2025-10-28 06:44:43,15,3,52,56,504,0
171G_1028_R2,171,outbound,Borella,1,2025-10-28 08:11:16,2025-10-28 08:12:39,13,11,81,83,378,1
171J_1030_R2,171,outbound,Welikada,0,2025-10-30 19:48:58,2025-10-30 19:49:30,4,6,41,32,673,0
171F_1031_R1,171,outbound,Cotta Road,0,2025-10-31 18:15:16,2025-10-31 18:15:59,5,6,86,43,478,1
171G_1026_R1,171,inbound,Battaramulla,0,2025-10-26 07:59:21,2025-10-26 08:00:14,15,5,62,53,486,1
171I_1030_R1,171,inbound,Koswatta,1,2025-10-30 16:22:00,2025-10-30 16:23:06,12,5,35,66,361,1
171B_1031_R1,171,inbound,Rajagiriya,0,2025-10-31 17:00:10,2025-10-31 17:01:06,12,5,57,56,494,1
144D_1025_R1,144,outbound,Borella,1,2025-10-25 14:40:44,2025-10-25 14:41:44,7,9,49,60,507,0
171A_1025_R2,171,inbound,Koswatta,1,2025-10-25 19:47:00,2025-10-25 19:47:41,9,3,28,41,453,0
103B_1026_R1,103,inbound,Pettah,0,2025-10-26 19:05:11,2025-10-26 19:06:08,9,6,62,57,452,0
171D_1031_R2,171,inbound,Welikada,0,2025-10-31 20:15:51,2025-10-31 20:16:37,8,2,45,46,374,0
171F_1027_R1,171,outbound,Pettah,0,2025-10-27 10:35:48,2025-10-27 10:36:46,10,4,19,58,443,0
103I_1029_R2,103,outbound,Fort,1,2025-10-29 09:32:00,2025-10-29 09:33:01,13,4,20,61,459,0
171D_1029_R1,171,inbound,Koswatta,1,2025-10-29 16:37:00,2025-10-29 16:37:37,6,4,14,37,462,1
171C_1031_R2,171,inbound,Fort,1,2025-10-31 09:15:42,2025-10-31 09:16:31,10,6,108,49,276,0
144E_1030_R1,144,inbound,Rajagiriya,1,2025-10-30 08:20:00,2025-10-30 08:21:11,17,3,32,71,605,1
171J_1027_R1,171,outbound,Rajagiriya,0,2025-10-27 06:54:44,2025-10-27 06:55:17,6,2,44,33,548,0
171D_1027_R1,171,outbound,Cotta Road,0,2025-10-27 07:40:47,2025-10-27 07:41:26,9,4,61,39,519,1
144C_1030_R1,144,outbound,Rajagiriya,1,2025-10-30 10:45:26,2025-10-30 10:46:11,7,4,58,45,480,0
171J_1031_R1,171,outbound,Rajagiriya,0,2025-10-31 12:35:24,2025-10-31 12:36:24,10,7,68,60,522,0
103E_1025_R1,103,outbound,Maradana,0,2025-10-25 19:31:53,2025-10-25 19:32:32,8,2,41,39,461,0
144A_1027_R1,144,inbound,Punchi Borella,1,2025-10-27 16:21:45,2025-10-27 16:23:38,29,7,103,113,603,1
103A_1029_R1,103,outbound,Fort,1,2025-10-29 07:36:00,2025-10-29 07:37:13,20,3,34,73,551,1
171D_1029_R2,171,inbound,Battaramulla,0,2025-10-29 07:31:33,2025-10-29 07:32:39,16,2,46,66,492,1
103D_1031_R1,103,inbound,Pettah,0,2025-10-31 17:35:07,2025-10-31 17:36:21,12,10,63,74,627,1
171B_1029_R1,171,inbound,Punchi Borella,0,2025-10-29 07:57:10,2025-10-29 07:57:45,4,6,72,35,378,1
144D_1031_R1,144,outbound,Punchi Borella,0,2025-10-31 20:40:41,2025-10-31 20:41:49,13,5,40,68,696,0
171A_1025_R1,171,inbound,Maradana,0,2025-10-25 08:12:35,2025-10-25 08:13:26,10,4,81,51,598,1
103H_1030_R2,103,inbound,Borella,0,2025-10-30 19:42:23,2025-10-30 19:43:21,12,1,29,58,759,0
103I_1029_R1,103,outbound,Fort,1,2025-10-29 14:56:00,2025-10-29 14:57:09,15,3,34,69,425,0
144F_1028_R2,144,outbound,Cotta Road,0,2025-10-28 08:48:02,2025-10-28 08:49:06,14,9,76,64,549,1
144A_1031_R2,144,inbound,Borella,0,2025-10-31 16:21:13,2025-10-31 16:22:22,14,4,56,69,450,1
171F_1026_R1,171,inbound,Punchi Borella,0,2025-10-26 17:47:43,2025-10-26 17:48:48,13,8,91,65,256,1
144A_1030_R1,144,inbound,Maradana,0,2025-10-30 09:00:09,2025-10-30 09:00:52,6,4,75,43,382,0
171E_1028_R1,171,outbound,Cotta Road,0,2025-10-28 09:50:46,2025-10-28 09:51:36,5,9,39,50,456,0
171F_1030_R1,171,inbound,Maradana,0,2025-10-30 06:38:45,2025-10-30 06:39:31,3,9,56,46,499,0
103E_1031_R1,103,inbound,Narahenpita,1,2025-10-31 16:22:00,2025-10-31 16:22:45,11,4,15,45,528,1
171F_1027_R2,171,outbound,Punchi Borella,0,2025-10-27 18:14:40,2025-10-27 18:15:42,12,6,70,62,680,1
144F_1028_R2,144,inbound,Cotta Road,0,2025-10-28 07:44:36,2025-10-28 07:45:28,11,4,44,52,493,1
103B_1026_R1,103,outbound,Borella,0,2025-10-26 07:43:38,2025-10-26 07:44:31,11,4,66,53,523,1
103C_1025_R2,103,outbound,Borella,0,2025-10-25 17:44:05,2025-10-25 17:45:35,16,10,72,90,399,1
171B_1028_R1,171,outbound,Fort,1,2025-10-28 07:27:00,2025-10-28 07:27:18,5,3,12,18,492,1
103E_1028_R2,103,inbound,Maradana,1,2025-10-28 08:11:41,2025-10-28 08:13:19,24,10,38,98,464,1
171A_1031_R1,171,inbound,Punchi Borella,0,2025-10-31 09:16:39,2025-10-31 09:17:20,7,6,64,41,283,0
171J_1028_R2,171,outbound,Pettah,0,2025-10-28 17:31:23,2025-10-28 17:32:34,19,3,47,71,583,1
171J_1030_R1,171,inbound,Borella,1,2025-10-30 10:45:50,2025-10-30 10:46:47,11,3,63,57,228,0
171C_1027_R2,171,inbound,Koswatta,1,2025-10-27 20:30:00,2025-10-27 20:30:37,8,0,8,37,296,0
103A_1031_R2,103,outbound,Punchi Borella,1,2025-10-31 16:43:52,2025-10-31 16:44:57,7,9,26,65,530,1
171B_1031_R2,171,inbound,Borella,1,2025-10-31 08:15:36,2025-10-31 08:16:45,15,7,54,69,376,1
103J_1028_R1,103,outbound,Pettah,0,2025-10-28 08:56:25,2025-10-28 08:57:22,15,2,43,57,512,1
171G_1029_R1,171,outbound,Fort,1,2025-10-29 08:22:00,2025-10-29 08:22:41,10,3,13,41,548,1
103B_1030_R2,103,outbound,Pettah,0,2025-10-30 12:19:59,2025-10-30 12:20:54,16,0,55,55,643,0
171G_1026_R1,171,inbound,Welikada,0,2025-10-26 08:03:47,2025-10-26 08:04:34,13,5,70,47,486,1
103H_1027_R1,103,inbound,Maradana,1,2025-10-27 20:15:32,2025-10-27 20:16:21,6,8,26,49,485,0
171H_1026_R1,171,inbound,Technical Junction,0,2025-10-26 11:16:12,2025-10-26 11:17:03,6,8,52,51,588,0
103I_1026_R1,103,outbound,Pettah,0,2025-10-26 14:17:07,2025-10-26 14:18:18,18,6,31,71,531,0
144F_1028_R2,144,outbound,Maradana,0,2025-10-28 08:31:16,2025-10-28 08:32:26,18,2,49,70,549,1
144B_1025_R1,144,outbound,Rajagiriya,1,2025-10-25 06:26:26,2025-10-25 06:27:18,5,8,25,52,456,0
103D_1025_R1,103,inbound,Maradana,1,2025-10-25 06:28:05,2025-10-25 06:28:49,5,7,27,44,561,0
171G_1028_R1,171,outbound,Borella,1,2025-10-28 10:34:13,2025-10-28 10:35:01,10,4,63,48,363,0
103A_1031_R1,103,inbound,Fort,1,2025-10-31 12:56:04,2025-10-31 12:56:50,7,6,39,46,435,0
103C_1027_R1,103,inbound,Punchi Borella,0,2025-10-27 12:51:19,2025-10-27 12:51:56,8,5,24,37,472,0
171J_1030_R2,171,outbound,Cotta Road,0,2025-10-30 19:37:42,2025-10-30 19:38:28,9,3,41,46,673,0
103E_1030_R2,103,outbound,Fort,1,2025-10-30 16:38:00,2025-10-30 16:39:09,16,3,29,69,587,1
103I_1031_R1,103,inbound,Punchi Borella,0,2025-10-31 18:10:53,2025-10-31 18:11:44,17,3,53,51,434,1
103A_1028_R1,103,inbound,Maradana,1,2025-10-28 20:13:54,2025-10-28 20:15:10,15,7,50,76,474,0
171G_1031_R2,171,outbound,Battaramulla,0,2025-10-31 10:27:46,2025-10-31 10:28:34,8,5,42,48,435,0
171F_1027_R2,171,outbound,Battaramulla,0,2025-10-27 18:38:13,2025-10-27 18:39:18,9,7,98,65,680,1
144C_1031_R2,144,inbound,Punchi Borella,1,2025-10-31 17:54:53,2025-10-31 17:55:53,8,10,42,60,360,1
103I_1030_R2,103,inbound,Pettah,0,2025-10-30 10:10:36,2025-10-30 10:11:25,6,5,47,49,539,0
144F_1027_R1,144,inbound,Borella,0,2025-10-27 09:03:04,2025-10-27 09:03:52,10,4,34,48,467,0
144C_1028_R1,144,inbound,Rajagiriya,1,2025-10-28 12:12:00,2025-10-28 12:12:57,9,6,19,57,463,0
103H_1031_R1,103,outbound,Borella,0,2025-10-31 10:44:11,2025-10-31 10:45:16,10,7,61,65,375,0
171F_1026_R1,171,outbound,Punchi Borella,0,2025-10-26 19:41:51,2025-10-26 19:42:44,10,5,50,53,720,0
144F_1030_R2,144,inbound,Maradana,0,2025-10-30 07:51:18,2025-10-30 07:52:23,10,12,62,65,532,1
103F_1027_R2,103,outbound,Punchi Borella,1,2025-10-27 08:16:12,2025-10-27 08:17:09,14,2,85,57,575,1
171E_1027_R1,171,outbound,Rajagiriya,0,2025-10-27 18:40:57,2025-10-27 18:41:58,15,4,73,61,416,1
103G_1031_R2,103,inbound,Maradana,1,2025-10-31 21:04:37,2025-10-31 21:06:03,18,9,47,86,434,0
171D_1029_R2,171,outbound,Battaramulla,0,2025-10-29 19:54:01,2025-10-29 19:55:03,8,10,33,62,530,0
103G_1031_R1,103,outbound,Pettah,0,2025-10-31 07:31:23,2025-10-31 07:32:11,14,3,35,48,542,1
103H_1029_R1,103,inbound,Maradana,1,2025-10-29 08:09:44,2025-10-29 08:11:16,25,7,62,92,550,1
103F_1031_R2,103,inbound,Fort,1,2025-10-31 19:28:38,2025-10-31 19:29:24,10,3,52,46,566,0
171A_1028_R1,171,inbound,Battaramulla,0,2025-10-28 07:03:38,2025-10-28 07:05:02,23,2,48,84,279,1
171J_1029_R1,171,outbound,Welikada,0,2025-10-29 17:21:21,2025-10-29 17:21:58,3,8,68,37,493,1
103D_1027_R1,103,inbound,Borella,0,2025-10-27 17:37:28,2025-10-27 17:37:54,5,3,34,26,470,1
171G_1031_R1,171,outbound,Cotta Road,0,2025-10-31 12:33:03,2025-10-31 12:34:08,7,8,54,65,537,0
171D_1031_R2,171,outbound,Technical Junction,0,2025-10-31 11:07:32,2025-10-31 11:08:09,6,4,36,37,363,0
171H_1026_R1,171,inbound,Borella,1,2025-10-26 11:00:39,2025-10-26 11:01:48,15,8,57,69,588,0
103D_1028_R2,103,inbound,Fort,1,2025-10-28 20:16:52,2025-10-28 20:17:36,9,7,49,44,577,0
144D_1027_R1,144,inbound,Fort,1,2025-10-27 08:45:28,2025-10-27 08:46:24,9,7,78,56,521,1
144D_1027_R1,144,outbound,Fort,1,2025-10-27 17:26:00,2025-10-27 17:27:05,14,8,29,65,563,1
171I_1026_R1,171,outbound,Koswatta,1,2025-10-26 10:09:44,2025-10-26 10:10:25,7,3,77,41,476,0
171F_1030_R1,171,inbound,Technical Junction,0,2025-10-30 06:42:48,2025-10-30 06:43:35,3,8,51,47,499,0
144F_1031_R2,144,outbound,Borella,1,2025-10-31 18:07:07,2025-10-31 18:08:31,13,13,70,84,356,1
144B_1031_R2,144,inbound,Punchi Borella,1,2025-10-31 07:37:49,2025-10-31 07:39:15,20,9,40,86,460,1
144F_1031_R1,144,inbound,Cotta Road,0,2025-10-31 08:03:07,2025-10-31 08:04:05,19,1,30,58,549,1
144I_1030_R1,144,outbound,Borella,1,2025-10-30 07:54:27,2025-10-30 07:55:27,14,4,95,60,612,1
144J_1026_R1,144,outbound,Borella,1,2025-10-26 14:18:12,2025-10-26 14:19:06,12,2,38,54,349,0
103J_1026_R2,103,outbound,Borella,0,2025-10-26 10:37:42,2025-10-26 10:38:26,5,9,38,44,443,0
171F_1027_R1,171,inbound,Borella,1,2025-10-27 10:13:21,2025-10-27 10:14:21,12,6,70,60,265,0
171B_1026_R2,171,inbound,Koswatta,1,2025-10-26 16:27:00,2025-10-26 16:27:53,13,4,29,53,467,1
171G_1031_R1,171,inbound,Punchi Borella,0,2025-10-31 16:31:42,2025-10-31 16:32:55,7,11,81,73,650,1
144F_1028_R2,144,outbound,Fort,1,2025-10-28 08:26:00,2025-10-28 08:27:15,19,5,33,75,549,1
103G_1027_R2,103,outbound,Fort,1,2025-10-27 19:53:00,2025-10-27 19:53:44,5,5,15,44,529,0
144C_1026_R2,144,inbound,Rajagiriya,1,2025-10-26 09:55:00,2025-10-26 09:55:58,14,5,27,58,591,0
171A_1027_R1,171,outbound,Maradana,0,2025-10-27 20:43:50,2025-10-27 20:44:39,7,4,31,49,502,0
103H_1026_R2,103,outbound,Pettah,0,2025-10-26 08:04:23,2025-10-26 08:05:30,18,3,33,67,478,1
144E_1028_R1,144,inbound,Punchi Borella,1,2025-10-28 16:46:23,2025-10-28 16:47:38,19,5,50,75,568,1
171G_1025_R1,171,inbound,Maradana,0,2025-10-25 18:24:39,2025-10-25 18:25:40,10,11,112,61,292,1
103H_1025_R1,103,inbound,Maradana,1,2025-10-25 09:27:20,2025-10-25 09:28:36,12,9,51,76,524,0
144D_1029_R1,144,outbound,Fort,1,2025-10-29 07:57:00,2025-10-29 07:57:45,9,5,37,45,457,1
171E_1027_R1,171,outbound,Welikada,0,2025-10-27 18:46:15,2025-10-27 18:47:12,5,9,69,57,416,1
103B_1031_R1,103,inbound,Pettah,0,2025-10-31 07:34:11,2025-10-31 07:35:06,11,5,64,55,587,1
103G_1029_R1,103,inbound,Narahenpita,1,2025-10-29 08:19:00,2025-10-29 08:19:31,2,3,16,31,221,1
103D_1029_R1,103,inbound,Punchi Borella,0,2025-10-29 13:12:06,2025-10-29 13:13:11,13,4,43,65,497,0
171B_1031_R1,171,outbound,Punchi Borella,0,2025-10-31 21:07:58,2025-10-31 21:09:01,17,4,74,63,503,0
103J_1025_R1,103,outbound,Punchi Borella,1,2025-10-25 18:57:26,2025-10-25 18:58:27,15,4,69,61,429,1
171D_1029_R1,171,inbound,Pettah,0,2025-10-29 17:22:10,2025-10-29 17:22:56,7,4,61,46,462,1
144E_1028_R2,144,outbound,Rajagiriya,1,2025-10-28 07:39:07,2025-10-28 07:39:55,2,7,42,48,376,1
171G_1031_R2,171,outbound,Maradana,0,2025-10-31 09:58:49,2025-10-31 09:59:43,7,6,45,54,435,0
171C_1027_R1,171,outbound,Maradana,0,2025-10-27 16:55:51,2025-10-27 16:56:47,13,4,68,56,451,1
171J_1027_R1,171,inbound,Borella,1,2025-10-27 17:55:45,2025-10-27 17:56:41,15,3,100,56,388,1
144A_1026_R1,144,inbound,Borella,0,2025-10-26 18:47:44,2025-10-26 18:48:21,5,3,52,37,654,1
103F_1025_R1,103,outbound,Narahenpita,1,2025-10-25 11:15:43,2025-10-25 11:16:23,7,2,36,40,180,0
103D_1030_R2,103,inbound,Punchi Borella,0,2025-10-30 19:00:30,2025-10-30 19:01:11,7,6,43,41,487,0
144I_1027_R1,144,inbound,Borella,0,2025-10-27 16:14:10,2025-10-27 16:15:20,18,3,45,70,369,1
103J_1025_R2,103,outbound,Narahenpita,1,2025-10-25 21:05:35,2025-10-25 21:06:25,6,4,33,50,414,0
171I_1031_R1,171,inbound,Rajagiriya,0,2025-10-31 07:53:56,2025-10-31 07:54:28,5,2,47,32,297,1
171J_1031_R1,171,inbound,Battaramulla,0,2025-10-31 17:44:58,2025-10-31 17:46:13,18,5,25,75,528,1
171G_1030_R2,171,outbound,Punchi Borella,0,2025-10-30 13:17:11,2025-10-30 13:17:58,9,5,57,47,525,0
103D_1025_R1,103,inbound,Narahenpita,1,2025-10-25 06:13:00,2025-10-25 06:13:42,8,3,17,42,561,0
103E_1028_R2,103,inbound,Narahenpita,1,2025-10-28 07:56:00,2025-10-28 07:56:46,6,6,19,46,464,1
171E_1031_R2,171,inbound,Technical Junction,0,2025-10-31 14:55:45,2025-10-31 14:56:46,7,9,65,61,586,0
171H_1031_R1,171,outbound,Cotta Road,0,2025-10-31 11:12:16,2025-10-31 11:13:07,7,8,40,51,224,0
171A_1026_R1,171,outbound,Fort,1,2025-10-26 07:31:00,2025-10-26 07:31:54,13,4,21,54,508,1
103I_1028_R1,103,outbound,Maradana,0,2025-10-28 12:27:58,2025-10-28 12:28:48,11,1,63,50,575,0
171I_1030_R1,171,inbound,Battaramulla,0,2025-10-30 16:27:19,2025-10-30 16:28:22,14,5,44,63,361,1
103C_1028_R1,103,outbound,Fort,1,2025-10-28 19:44:00,2025-10-28 19:45:10,18,3,38,70,563,0
144I_1031_R2,144,inbound,Fort,1,2025-10-31 09:20:47,2025-10-31 09:21:17,5,6,32,30,400,0
144C_1027_R1,144,inbound,Cotta Road,0,2025-10-27 18:19:13,2025-10-27 18:20:18,16,2,36,65,769,1
171F_1030_R1,171,inbound,Punchi Borella,0,2025-10-30 06:34:43,2025-10-30 06:35:42,8,9,62,59,499,0
171G_1031_R2,171,outbound,Technical Junction,0,2025-10-31 09:52:57,2025-10-31 09:53:50,9,5,44,53,435,0
144J_1030_R1,144,inbound,Rajagiriya,1,2025-10-30 10:10:00,2025-10-30 10:10:39,4,1,25,39,362,0
144H_1027_R1,144,outbound,Punchi Borella,0,2025-10-27 12:33:55,2025-10-27 12:34:18,4,2,32,23,490,0
103J_1030_R1,103,outbound,Fort,1,2025-10-30 16:05:00,2025-10-30 16:06:00,16,3,32,60,314,1
144C_1030_R2,144,inbound,Rajagiriya,1,2025-10-30 19:08:00,2025-10-30 19:08:55,10,4,24,55,532,0
103A_1029_R1,103,inbound,Narahenpita,1,2025-10-29 16:35:00,2025-10-29 16:36:12,12,6,23,72,539,1
144D_1028_R2,144,outbound,Maradana,0,2025-10-28 08:29:38,2025-10-28 08:31:06,24,4,55,88,480,1
103A_1029_R1,103,inbound,Maradana,1,2025-10-29 16:48:31,2025-10-29 16:49:38,13,4,51,67,539,1
171G_1029_R1,171,inbound,Battaramulla,0,2025-10-29 08:28:08,2025-10-29 08:29:15,14,3,44,67,466,1
144H_1026_R1,144,inbound,Punchi Borella,1,2025-10-26 19:00:45,2025-10-26 19:01:39,10,7,41,54,459,0
171G_1026_R1,171,inbound,Maradana,0,2025-10-26 08:25:40,2025-10-26 08:26:53,4,16,101,73,486,1
144J_1031_R1,144,outbound,Punchi Borella,0,2025-10-31 17:06:13,2025-10-31 17:07:30,18,4,28,77,562,1
171C_1028_R1,171,inbound,Welikada,0,2025-10-28 08:14:34,2025-10-28 08:15:06,7,3,22,32,402,1
171D_1025_R1,171,outbound,Maradana,0,2025-10-25 08:46:19,2025-10-25 08:47:16,13,3,69,57,536,1
103C_1026_R1,103,outbound,Borella,0,2025-10-26 08:30:35,2025-10-26 08:31:47,6,12,44,72,331,1
144D_1028_R1,144,outbound,Punchi Borella,0,2025-10-28 17:38:52,2025-10-28 17:39:58,15,6,54,66,496,1
103I_1025_R1,103,inbound,Punchi Borella,0,2025-10-25 19:27:21,2025-10-25 19:28:19,12,4,44,58,701,0
171I_1030_R1,171,outbound,Technical Junction,0,2025-10-30 08:54:05,2025-10-30 08:55:01,12,4,36,56,284,1
144H_1027_R2,144,inbound,Borella,0,2025-10-27 10:02:06,2025-10-27 10:02:49,9,5,43,43,501,0
103E_1028_R1,103,outbound,Narahenpita,1,2025-10-28 11:00:35,2025-10-28 11:01:12,4,7,28,37,671,0
171C_1029_R2,171,inbound,Rajagiriya,0,2025-10-29 10:04:23,2025-10-29 10:04:57,4,3,49,34,424,0
144E_1027_R1,144,outbound,Cotta Road,0,2025-10-27 16:41:50,2025-10-27 16:42:25,4,7,81,35,546,1
144B_1026_R2,144,outbound,Rajagiriya,1,2025-10-26 08:52:32,2025-10-26 08:53:27,4,10,52,55,413,1
144A_1027_R1,144,outbound,Punchi Borella,0,2025-10-27 18:40:43,2025-10-27 18:41:40,12,6,37,57,545,1
103C_1028_R1,103,outbound,Punchi Borella,1,2025-10-28 19:55:43,2025-10-28 19:56:42,13,4,54,59,563,0
144G_1030_R2,144,inbound,Maradana,0,2025-10-30 07:03:39,2025-10-30 07:04:50,17,6,32,71,453,1
144E_1025_R1,144,inbound,Borella,0,2025-10-25 20:24:49,2025-10-25 20:25:48,14,3,41,59,528,0
103J_1029_R1,103,inbound,Punchi Borella,0,2025-10-29 08:02:51,2025-10-29 08:04:15,22,2,42,84,363,1
171J_1025_R2,171,outbound,Fort,1,2025-10-25 07:58:00,2025-10-25 07:58:57,13,1,57,57,410,1
103D_1025_R1,103,inbound,Borella,0,2025-10-25 06:17:57,2025-10-25 06:18:51,13,4,26,54,561,0
103B_1029_R1,103,outbound,Maradana,0,2025-10-29 16:54:48,2025-10-29 16:56:14,26,3,55,86,371,1
171D_1030_R1,171,inbound,Welikada,0,2025-10-30 10:12:10,2025-10-30 10:13:04,13,3,72,54,611,0
144C_1027_R2,144,inbound,Fort,1,2025-10-27 08:17:21,2025-10-27 08:18:18,9,6,79,57,424,1
103J_1031_R1,103,outbound,Borella,0,2025-10-31 18:05:33,2025-10-31 18:06:53,10,11,58,80,430,1
171E_1026_R1,171,inbound,Borella,1,2025-10-26 07:13:04,2025-10-26 07:14:03,14,4,68,59,430,1
103H_1028_R1,103,inbound,Narahenpita,1,2025-10-28 08:08:00,2025-10-28 08:09:11,18,4,34,71,490,1
171I_1031_R1,171,inbound,Battaramulla,0,2025-10-31 07:46:08,2025-10-31 07:46:50,8,2,48,42,297,1
103D_1028_R1,103,inbound,Borella,0,2025-10-28 07:38:51,2025-10-28 07:40:19,20,6,67,88,429,1
144D_1029_R1,144,inbound,Cotta Road,0,2025-10-29 17:37:34,2025-10-29 17:38:27,12,5,56,53,518,1
171G_1028_R2,171,outbound,Maradana,0,2025-10-28 08:03:06,2025-10-28 08:03:58,10,3,71,52,378,1
171F_1025_R1,171,outbound,Battaramulla,0,2025-10-25 18:55:46,2025-10-25 18:56:57,11,9,62,71,569,1
171D_1029_R1,171,outbound,Koswatta,1,2025-10-29 07:49:56,2025-10-29 07:51:17,12,9,93,81,722,1
103D_1031_R2,103,inbound,Fort,1,2025-10-31 07:59:03,2025-10-31 07:59:41,10,2,91,38,404,1
144C_1031_R2,144,outbound,Borella,1,2025-10-31 08:49:31,2025-10-31 08:50:36,13,8,79,65,535,1
171E_1027_R1,171,inbound,Punchi Borella,0,2025-10-27 07:40:39,2025-10-27 07:41:50,13,7,58,71,532,1
171G_1030_R1,171,inbound,Welikada,0,2025-10-30 17:34:13,2025-10-30 17:35:22,14,5,50,69,525,1
144G_1031_R1,144,inbound,Borella,0,2025-10-31 06:22:48,2025-10-31 06:23:52,14,3,27,64,523,0
144E_1030_R1,144,outbound,Cotta Road,0,2025-10-30 10:35:11,2025-10-30 10:35:53,4,7,54,42,626,0
171G_1026_R2,171,inbound,Borella,1,2025-10-26 15:02:30,2025-10-26 15:03:21,6,10,58,51,503,0
171I_1029_R1,171,inbound,Rajagiriya,0,2025-10-29 18:08:19,2025-10-29 18:09:36,16,5,108,77,490,1
144G_1030_R1,144,inbound,Rajagiriya,1,2025-10-30 08:39:00,2025-10-30 08:39:48,7,6,7,48,471,1
144G_1031_R1,144,outbound,Maradana,0,2025-10-31 10:34:44,2025-10-31 10:35:26,10,3,30,42,379,0
144E_1027_R1,144,outbound,Punchi Borella,0,2025-10-27 16:28:35,2025-10-27 16:29:37,19,2,79,62,546,1
171H_1026_R1,171,outbound,Pettah,0,2025-10-26 08:53:28,2025-10-26 08:54:17,11,4,34,49,514,1
103I_1025_R2,103,inbound,Maradana,1,2025-10-25 16:16:15,2025-10-25 16:18:08,28,8,83,113,498,1
171F_1027_R2,171,outbound,Rajagiriya,0,2025-10-27 18:27:50,2025-10-27 18:29:10,14,8,92,80,680,1
144F_1031_R2,144,outbound,Punchi Borella,0,2025-10-31 18:01:00,2025-10-31 18:02:26,22,4,70,86,356,1
144A_1025_R2,144,outbound,Maradana,0,2025-10-25 13:01:53,2025-10-25 13:02:19,7,2,46,26,629,0
103A_1026_R1,103,inbound,Pettah,0,2025-10-26 06:47:18,2025-10-26 06:48:27,10,7,56,69,663,0
103G_1026_R1,103,inbound,Narahenpita,1,2025-10-26 10:39:00,2025-10-26 10:39:45,11,2,41,45,538,0
103F_1026_R1,103,inbound,Borella,0,2025-10-26 18:17:48,2025-10-26 18:18:46,14,2,46,58,245,1
144H_1029_R1,144,inbound,Cotta Road,0,2025-10-29 07:31:12,2025-10-29 07:32:23,15,6,35,71,487,1
144J_1025_R2,144,outbound,Maradana,0,2025-10-25 07:23:54,2025-10-25 07:24:47,8,7,19,53,437,1
144C_1031_R2,144,inbound,Rajagiriya,1,2025-10-31 17:41:00,2025-10-31 17:41:50,10,5,27,50,360,1
171J_1031_R2,171,outbound,Pettah,0,2025-10-31 16:32:30,2025-10-31 16:33:36,14,4,32,66,270,1
103H_1029_R2,103,inbound,Pettah,0,2025-10-29 12:52:19,2025-10-29 12:53:13,7,7,10,54,353,0
144H_1030_R1,144,outbound,Cotta Road,0,2025-10-30 18:16:25,2025-10-30 18:17:31,13,6,69,66,621,1
103D_1028_R1,103,outbound,Maradana,0,2025-10-28 21:01:39,2025-10-28 21:02:49,16,3,49,70,428,0
144D_1028_R1,144,inbound,Cotta Road,0,2025-10-28 10:38:18,2025-10-28 10:39:21,12,4,29,63,571,0
171F_1026_R1,171,outbound,Welikada,0,2025-10-26 20:03:06,2025-10-26 20:03:50,5,7,67,44,720,0
103B_1025_R1,103,outbound,Maradana,0,2025-10-25 07:32:05,2025-10-25 07:33:12,15,6,64,67,559,1
144I_1030_R1,144,inbound,Punchi Borella,1,2025-10-30 10:29:27,2025-10-30 10:30:22,9,8,47,55,647,0
171I_1029_R1,171,outbound,Cotta Road,0,2025-10-29 21:09:12,2025-10-29 21:09:48,6,4,74,36,530,0
171H_1031_R1,171,inbound,Rajagiriya,0,2025-10-31 10:44:47,2025-10-31 10:45:49,13,3,69,62,620,0
103I_1030_R1,103,inbound,Pettah,0,2025-10-30 17:32:21,2025-10-30 17:33:15,8,8,61,54,657,1
103C_1025_R2,103,outbound,Narahenpita,1,2025-10-25 17:48:32,2025-10-25 17:49:20,8,7,73,48,399,1
103G_1028_R2,103,inbound,Fort,1,2025-10-28 09:41:19,2025-10-28 09:42:08,10,6,78,49,423,0
171J_1028_R2,171,outbound,Koswatta,1,2025-10-28 18:11:45,2025-10-28 18:12:49,12,6,94,64,583,1
144I_1025_R1,144,inbound,Rajagiriya,1,2025-10-25 07:15:00,2025-10-25 07:16:10,16,2,44,70,441,1
144D_1027_R1,144,inbound,Rajagiriya,1,2025-10-27 08:16:00,2025-10-27 08:17:22,18,8,39,82,521,1
144C_1026_R2,144,inbound,Borella,0,2025-10-26 10:06:38,2025-10-26 10:07:23,9,4,38,45,591,0
103D_1031_R2,103,outbound,Pettah,0,2025-10-31 17:36:00,2025-10-31 17:37:22,19,4,57,82,658,1
144I_1029_R1,144,inbound,Borella,0,2025-10-29 17:00:40,2025-10-29 17:02:18,25,4,72,98,630,1
171H_1029_R1,171,inbound,Maradana,0,2025-10-29 19:19:53,2025-10-29 19:20:46,8,9,64,53,331,0
144A_1025_R1,144,outbound,Cotta Road,0,2025-10-25 18:17:04,2025-10-25 18:18:26,13,11,67,82,515,1
171E_1029_R2,171,inbound,Pettah,0,2025-10-29 11:03:07,2025-10-29 11:03:37,3,3,49,30,443,0
144G_1026_R1,144,outbound,Maradana,0,2025-10-26 09:55:14,2025-10-26 09:56:00,9,3,37,46,590,0
144J_1027_R2,144,inbound,Maradana,0,2025-10-27 16:24:35,2025-10-27 16:25:28,11,7,47,53,555,1
171B_1028_R2,171,inbound,Pettah,0,2025-10-28 10:52:35,2025-10-28 10:53:19,7,6,61,44,700,0
171E_1028_R1,171,outbound,Pettah,0,2025-10-28 09:32:08,2025-10-28 09:32:57,12,3,20,49,456,0
103B_1025_R2,103,inbound,Punchi Borella,0,2025-10-25 07:57:55,2025-10-25 07:58:57,20,1,39,62,593,1
144E_1028_R1,144,inbound,Rajagiriya,1,2025-10-28 16:33:00,2025-10-28 16:34:06,13,5,26,66,568,1
103D_1030_R1,103,inbound,Narahenpita,1,2025-10-30 16:39:00,2025-10-30 16:40:13,12,8,31,73,399,1
144F_1026_R2,144,inbound,Rajagiriya,1,2025-10-26 07:51:00,2025-10-26 07:51:41,8,4,16,41,598,1
103C_1030_R2,103,inbound,Pettah,0,2025-10-30 20:49:22,2025-10-30 20:50:35,11,8,48,73,580,0
171E_1025_R2,171,inbound,Fort,1,2025-10-25 06:49:51,2025-10-25 06:50:40,7,4,44,49,508,0
144D_1025_R1,144,outbound,Maradana,0,2025-10-25 14:33:20,2025-10-25 14:34:14,11,5,40,54,507,0
171G_1030_R1,171,outbound,Technical Junction,0,2025-10-30 17:46:56,2025-10-30 17:47:46,11,2,67,50,496,1
103E_1029_R1,103,inbound,Borella,0,2025-10-29 07:50:25,2025-10-29 07:51:19,11,3,38,54,591,1
144F_1027_R1,144,outbound,Rajagiriya,1,2025-10-27 08:40:52,2025-10-27 08:41:35,8,5,42,43,322,1
144B_1031_R1,144,outbound,Rajagiriya,1,2025-10-31 09:23:38,2025-10-31 09:24:35,11,4,59,57,455,0
144G_1026_R1,144,outbound,Cotta Road,0,2025-10-26 10:09:33,2025-10-26 10:10:22,7,7,46,49,590,0
171J_1027_R2,171,outbound,Rajagiriya,0,2025-10-27 16:58:38,2025-10-27 17:00:18,19,16,86,100,337,1
144I_1028_R1,144,outbound,Rajagiriya,1,2025-10-28 06:41:33,2025-10-28 06:42:17,4,9,19,44,488,0
171B_1026_R1,171,inbound,Fort,1,2025-10-26 17:15:18,2025-10-26 17:16:27,13,7,123,69,359,1
103G_1025_R1,103,outbound,Punchi Borella,1,2025-10-25 18:15:35,2025-10-25 18:16:16,0,12,28,41,233,1
144C_1028_R1,144,outbound,Cotta Road,0,2025-10-28 20:09:59,2025-10-28 20:10:47,6,9,55,48,500,0
103F_1026_R1,103,inbound,Pettah,0,2025-10-26 18:34:50,2025-10-26 18:36:13,17,7,88,83,245,1
144J_1031_R1,144,outbound,Rajagiriya,1,2025-10-31 17:20:44,2025-10-31 17:21:38,8,5,35,54,562,1
103I_1030_R1,103,inbound,Punchi Borella,0,2025-10-30 17:22:24,2025-10-30 17:23:08,8,4,40,44,657,1
144G_1028_R1,144,outbound,Fort,1,2025-10-28 08:40:00,2025-10-28 08:40:49,11,5,22,49,596,1
144G_1025_R2,144,inbound,Rajagiriya,1,2025-10-25 07:00:00,2025-10-25 07:00:43,11,3,33,43,549,1
103C_1031_R1,103,inbound,Pettah,0,2025-10-31 07:54:58,2025-10-31 07:55:42,8,4,66,44,471,1
171D_1030_R1,171,outbound,Pettah,0,2025-10-30 18:53:48,2025-10-30 18:54:27,9,3,34,39,343,1
103F_1027_R1,103,outbound,Punchi Borella,1,2025-10-27 15:07:32,2025-10-27 15:08:25,7,10,25,53,290,0
103G_1027_R1,103,inbound,Maradana,1,2025-10-27 12:31:18,2025-10-27 12:32:27,12,6,45,69,330,0
144C_1027_R1,144,inbound,Punchi Borella,1,2025-10-27 18:30:54,2025-10-27 18:32:14,18,4,63,80,769,1
171A_1028_R2,171,inbound,Punchi Borella,0,2025-10-28 16:33:12,2025-10-28 16:34:02,6,6,59,50,371,1
171C_1027_R2,171,inbound,Welikada,0,2025-10-27 20:38:54,2025-10-27 20:39:46,10,6,21,52,296,0
171J_1026_R1,171,outbound,Maradana,0,2025-10-26 10:18:15,2025-10-26 10:19:15,12,4,44,60,447,0
103H_1028_R1,103,inbound,Pettah,0,2025-10-28 08:29:12,2025-10-28 08:30:12,10,6,78,60,490,1
171C_1026_R1,171,inbound,Borella,1,2025-10-26 06:43:51,2025-10-26 06:44:58,10,6,81,67,504,0
171G_1031_R2,171,outbound,Fort,1,2025-10-31 09:45:00,2025-10-31 09:45:40,7,3,34,40,435,0
171B_1030_R1,171,outbound,Punchi Borella,0,2025-10-30 06:52:54,2025-10-30 06:53:44,7,3,71,50,223,0
144G_1026_R2,144,inbound,Maradana,0,2025-10-26 17:06:22,2025-10-26 17:06:58,4,4,53,36,541,1
171G_1027_R2,171,inbound,Rajagiriya,0,2025-10-27 08:18:06,2025-10-27 08:19:00,14,2,55,54,450,1
103G_1030_R1,103,inbound,Borella,0,2025-10-30 08:01:42,2025-10-30 08:02:30,15,1,28,48,632,1
144J_1028_R1,144,outbound,Fort,1,2025-10-28 17:56:00,2025-10-28 17:56:36,9,3,16,36,486,1
171J_1026_R1,171,inbound,Borella,1,2025-10-26 09:19:45,2025-10-26 09:21:10,12,13,72,85,456,0
144B_1027_R1,144,outbound,Cotta Road,0,2025-10-27 19:16:31,2025-10-27 19:16:54,1,8,32,23,395,0
171I_1029_R1,171,outbound,Koswatta,1,2025-10-29 21:30:36,2025-10-29 21:31:19,6,4,73,43,530,0
144B_1025_R2,144,inbound,Fort,1,2025-10-25 08:55:33,2025-10-25 08:56:42,10,14,53,69,668,1
171E_1029_R1,171,outbound,Cotta Road,0,2025-10-29 09:10:29,2025-10-29 09:11:21,8,8,88,52,376,0
103E_1026_R1,103,inbound,Punchi Borella,0,2025-10-26 10:31:35,2025-10-26 10:32:07,8,2,44,32,492,0
144E_1030_R2,144,inbound,Maradana,0,2025-10-30 17:21:34,2025-10-30 17:22:34,8,7,63,60,577,1
144F_1031_R1,144,outbound,Fort,1,2025-10-31 06:42:00,2025-10-31 06:42:51,13,4,21,51,604,0
144B_1027_R1,144,outbound,Punchi Borella,0,2025-10-27 19:08:24,2025-10-27 19:09:19,6,6,34,55,395,0
171F_1028_R1,171,inbound,Pettah,0,2025-10-28 11:28:48,2025-10-28 11:29:44,9,6,58,56,337,0
171D_1026_R1,171,inbound,Technical Junction,0,2025-10-26 09:35:08,2025-10-26 09:36:05,8,9,43,57,356,0
144F_1029_R2,144,outbound,Maradana,0,2025-10-29 20:13:37,2025-10-29 20:14:23,9,2,35,46,532,0
171C_1029_R1,171,outbound,Battaramulla,0,2025-10-29 08:14:30,2025-10-29 08:15:27,5,7,73,57,596,1
171G_1027_R1,171,inbound,Maradana,0,2025-10-27 07:53:01,2025-10-27 07:54:10,15,5,101,69,271,1
103F_1029_R1,103,inbound,Fort,1,2025-10-29 14:25:59,2025-10-29 14:26:58,8,9,43,59,523,0
171D_1026_R2,171,outbound,Technical Junction,0,2025-10-26 06:19:28,2025-10-26 06:20:18,9,3,42,50,555,0
171A_1026_R1,171,outbound,Cotta Road,0,2025-10-26 08:00:16,2025-10-26 08:00:59,9,5,72,43,508,1
103F_1028_R1,103,inbound,Pettah,0,2025-10-28 20:00:56,2025-10-28 20:01:47,3,10,40,51,240,0
171A_1029_R1,171,inbound,Koswatta,1,2025-10-29 16:39:00,2025-10-29 16:39:57,10,4,24,57,428,1
103F_1028_R1,103,inbound,Punchi Borella,0,2025-10-28 19:53:13,2025-10-28 19:54:06,13,5,35,53,240,0
144J_1030_R1,144,inbound,Fort,1,2025-10-30 10:31:30,2025-10-30 10:31:51,2,7,36,21,362,0
171F_1030_R1,171,outbound,Fort,1,2025-10-30 16:10:00,2025-10-30 16:11:01,19,0,26,61,673,1
171E_1031_R1,171,inbound,Cotta Road,0,2025-10-31 18:16:05,2025-10-31 18:17:06,14,4,41,61,667,1
144E_1025_R1,144,outbound,Rajagiriya,1,2025-10-25 08:07:11,2025-10-25 08:08:14,13,1,55,63,386,1
171J_1029_R1,171,inbound,Battaramulla,0,2025-10-29 16:46:47,2025-10-29 16:47:35,5,4,20,48,299,1
171D_1025_R1,171,outbound,Technical Junction,0,2025-10-25 08:40:09,2025-10-25 08:41:00,10,6,59,51,536,1
171B_1031_R1,171,outbound,Technical Junction,0,2025-10-31 20:56:42,2025-10-31 20:57:28,12,4,55,46,503,0
103F_1030_R1,103,outbound,Punchi Borella,1,2025-10-30 14:35:40,2025-10-30 14:37:01,13,10,37,81,758,0
171I_1025_R1,171,outbound,Cotta Road,0,2025-10-25 11:03:45,2025-10-25 11:04:23,6,6,52,38,560,0
171C_1026_R2,171,outbound,Koswatta,1,2025-10-26 17:47:56,2025-10-26 17:48:58,12,6,68,62,335,1
144H_1028_R1,144,outbound,Cotta Road,0,2025-10-28 12:55:04,2025-10-28 12:55:57,9,9,26,53,349,0
144C_1030_R2,144,inbound,Borella,0,2025-10-30 19:19:16,2025-10-30 19:20:23,16,2,47,67,532,0
171J_1028_R2,171,outbound,Rajagiriya,0,2025-10-28 18:01:29,2025-10-28 18:02:42,12,11,89,73,583,1
171E_1027_R1,171,inbound,Pettah,0,2025-10-27 07:56:43,2025-10-27 07:57:23,5,7,62,40,532,1
171B_1028_R2,171,inbound,Punchi Borella,0,2025-10-28 10:37:48,2025-10-28 10:38:25,3,4,56,37,700,0
171D_1027_R2,171,inbound,Fort,1,2025-10-27 11:11:55,2025-10-27 11:12:50,7,8,84,55,438,0
144A_1025_R2,144,inbound,Cotta Road,0,2025-10-25 07:56:05,2025-10-25 07:56:48,9,6,40,43,350,1
171G_1030_R1,171,outbound,Maradana,0,2025-10-30 17:53:10,2025-10-30 17:54:18,12,7,72,68,496,1
171B_1031_R2,171,inbound,Technical Junction,0,2025-10-31 08:32:40,2025-10-31 08:33:35,10,2,60,55,376,1
144J_1031_R1,144,outbound,Borella,1,2025-10-31 17:11:13,2025-10-31 17:12:25,16,9,35,72,562,1
103C_1027_R1,103,outbound,Pettah,0,2025-10-27 08:05:14,2025-10-27 08:06:52,28,5,42,98,180,1
171I_1027_R2,171,outbound,Cotta Road,0,2025-10-27 17:47:01,2025-10-27 17:47:52,10,6,60,51,577,1
171I_1027_R1,171,outbound,Fort,1,2025-10-27 07:28:00,2025-10-27 07:28:53,7,6,33,53,203,1
144C_1027_R1,144,outbound,Cotta Road,0,2025-10-27 16:32:04,2025-10-27 16:32:48,8,6,35,44,481,1
103D_1031_R2,103,inbound,Pettah,0,2025-10-31 07:53:54,2025-10-31 07:54:39,7,9,83,45,404,1
171A_1026_R1,171,inbound,Welikada,0,2025-10-26 15:09:45,2025-10-26 15:10:45,18,2,46,60,423,0
171H_1029_R2,171,inbound,Fort,1,2025-10-29 09:01:50,2025-10-29 09:02:40,9,5,91,50,363,0
144B_1030_R1,144,inbound,Borella,0,2025-10-30 19:55:09,2025-10-30 19:55:55,9,6,42,46,457,0
103D_1029_R1,103,inbound,Pettah,0,2025-10-29 13:24:32,2025-10-29 13:25:22,5,7,32,50,497,0
171C_1025_R1,171,inbound,Pettah,0,2025-10-25 08:40:54,2025-10-25 08:41:52,10,6,105,58,400,1
103F_1030_R1,103,outbound,Borella,0,2025-10-30 14:39:49,2025-10-30 14:40:30,5,6,36,41,758,0
144C_1027_R2,144,inbound,Cotta Road,0,2025-10-27 07:57:13,2025-10-27 07:58:16,14,4,47,63,424,1
144J_1027_R1,144,outbound,Fort,1,2025-10-27 09:17:00,2025-10-27 09:17:43,9,2,30,43,716,0
171J_1031_R1,171,inbound,Pettah,0,2025-10-31 18:26:50,2025-10-31 18:27:33,8,6,81,43,528,1
144F_1031_R2,144,outbound,Maradana,0,2025-10-31 17:56:49,2025-10-31 17:57:53,15,4,52,64,356,1
171E_1030_R1,171,outbound,Rajagiriya,0,2025-10-30 17:51:49,2025-10-30 17:52:40,4,10,72,51,414,1
144F_1029_R1,144,inbound,Rajagiriya,1,2025-10-29 19:09:00,2025-10-29 19:09:57,10,4,20,57,385,0
171E_1029_R2,171,inbound,Battaramulla,0,2025-10-29 10:18:09,2025-10-29 10:18:57,13,3,23,48,443,0
144A_1027_R2,144,outbound,Rajagiriya,1,2025-10-27 06:27:08,2025-10-27 06:28:08,9,7,35,60,437,0
144D_1031_R2,144,outbound,Fort,1,2025-10-31 06:25:00,2025-10-31 06:25:51,6,4,30,51,536,0
144C_1031_R1,144,outbound,Cotta Road,0,2025-10-31 10:31:51,2025-10-31 10:32:33,5,6,51,42,561,0
103F_1026_R1,103,outbound,Pettah,0,2025-10-26 08:24:12,2025-10-26 08:24:59,8,4,11,47,342,1
103C_1031_R1,103,outbound,Fort,1,2025-10-31 14:23:00,2025-10-31 14:23:47,10,4,14,47,489,0
103B_1031_R1,103,outbound,Punchi Borella,1,2025-10-31 07:40:42,2025-10-31 07:41:33,9,7,35,51,483,1
171E_1028_R1,171,outbound,Maradana,0,2025-10-28 09:37:22,2025-10-28 09:38:16,7,4,30,54,456,0
103H_1029_R1,103,outbound,Fort,1,2025-10-29 07:03:00,2025-10-29 07:03:48,11,2,28,48,785,1
144C_1027_R1,144,outbound,Maradana,0,2025-10-27 16:15:37,2025-10-27 16:16:54,20,7,20,77,481,1
144A_1029_R2,144,outbound,Rajagiriya,1,2025-10-29 18:35:43,2025-10-29 18:36:27,6,7,84,44,786,1
103H_1030_R2,103,inbound,Fort,1,2025-10-30 20:07:49,2025-10-30 20:08:21,6,4,49,32,759,0
103G_1025_R1,103,outbound,Pettah,0,2025-10-25 18:02:49,2025-10-25 18:03:55,15,2,27,66,233,1
144B_1031_R1,144,outbound,Fort,1,2025-10-31 08:53:00,2025-10-31 08:54:09,15,1,41,69,455,1
103C_1025_R1,103,inbound,Borella,0,2025-10-25 18:59:17,2025-10-25 19:00:24,12,6,28,67,616,1
171D_1029_R1,171,inbound,Rajagiriya,0,2025-10-29 16:52:48,2025-10-29 16:53:38,6,5,33,50,462,1
171H_1031_R1,171,inbound,Welikada,0,2025-10-31 10:36:14,2025-10-31 10:36:57,10,3,59,43,620,0
171C_1026_R1,171,outbound,Fort,1,2025-10-26 07:57:00,2025-10-26 07:57:46,9,4,9,46,471,1
171A_1028_R1,171,outbound,Welikada,0,2025-10-28 17:37:22,2025-10-28 17:38:21,9,7,104,59,617,1
144F_1030_R2,144,outbound,Rajagiriya,1,2025-10-30 19:45:57,2025-10-30 19:46:42,4,6,39,45,450,0
144J_1026_R2,144,outbound,Borella,1,2025-10-26 11:04:53,2025-10-26 11:05:36,7,7,33,43,468,0
103F_1028_R2,103,outbound,Fort,1,2025-10-28 12:34:00,2025-10-28 12:35:01,13,3,23,61,612,0
171B_1031_R1,171,inbound,Cotta Road,0,2025-10-31 17:07:03,2025-10-31 17:08:27,23,6,74,84,494,1
103F_1030_R1,103,inbound,Fort,1,2025-10-30 07:56:00,2025-10-30 07:57:02,8,9,39,62,520,1
103A_1030_R1,103,outbound,Narahenpita,1,2025-10-30 17:05:04,2025-10-30 17:05:44,7,3,42,40,180,1
144A_1030_R1,144,outbound,Rajagiriya,1,2025-10-30 12:49:58,2025-10-30 12:50:30,3,5,47,32,463,0
103H_1030_R1,103,outbound,Maradana,0,2025-10-30 18:16:48,2025-10-30 18:18:14,21,5,70,86,537,1
144F_1025_R2,144,outbound,Fort,1,2025-10-25 17:45:00,2025-10-25 17:46:05,23,2,23,65,487,1
103I_1029_R2,103,inbound,Borella,0,2025-10-29 16:48:22,2025-10-29 16:49:33,14,6,46,71,613,1
144B_1031_R2,144,outbound,Rajagiriya,1,2025-10-31 09:41:25,2025-10-31 09:42:25,7,9,34,60,670,0
103D_1027_R1,103,inbound,Narahenpita,1,2025-10-27 17:30:00,2025-10-27 17:31:14,15,5,32,74,470,1
103G_1030_R1,103,inbound,Fort,1,2025-10-30 08:19:49,2025-10-30 08:20:39,12,5,40,50,632,1
103D_1026_R1,103,outbound,Narahenpita,1,2025-10-26 12:28:56,2025-10-26 12:29:35,5,5,43,39,557,0
144D_1030_R1,144,outbound,Maradana,0,2025-10-30 10:23:18,2025-10-30 10:24:26,16,1,30,68,459,0
171B_1030_R1,171,inbound,Rajagiriya,0,2025-10-30 19:40:34,2025-10-30 19:40:56,5,2,43,22,546,0
103G_1030_R2,103,inbound,Fort,1,2025-10-30 08:00:47,2025-10-30 08:01:26,5,6,38,39,507,1
103E_1026_R1,103,inbound,Maradana,1,2025-10-26 10:36:42,2025-10-26 10:37:53,13,8,49,71,492,0
103F_1031_R1,103,outbound,Punchi Borella,1,2025-10-31 07:18:13,2025-10-31 07:19:02,10,4,61,49,485,1
171I_1026_R1,171,inbound,Pettah,0,2025-10-26 19:51:33,2025-10-26 19:52:33,9,6,26,60,746,0
103G_1029_R1,103,outbound,Borella,0,2025-10-29 19:31:51,2025-10-29 19:32:32,7,2,52,41,552,0
103E_1027_R1,103,inbound,Fort,1,2025-10-27 11:07:03,2025-10-27 11:07:45,1,8,38,42,565,0
171E_1029_R1,171,inbound,Fort,1,2025-10-29 08:28:07,2025-10-29 08:29:11,1,15,70,64,444,1
103G_1029_R1,103,inbound,Maradana,1,2025-10-29 08:31:09,2025-10-29 08:31:52,11,4,54,43,221,1
171F_1029_R1,171,inbound,Koswatta,1,2025-10-29 09:37:00,2025-10-29 09:37:50,13,5,23,50,502,0
171J_1031_R2,171,inbound,Cotta Road,0,2025-10-31 08:11:09,2025-10-31 08:12:36,22,4,68,87,434,1
144A_1030_R1,144,outbound,Maradana,0,2025-10-30 12:28:48,2025-10-30 12:29:39,15,2,41,51,463,0
171E_1029_R2,171,inbound,Fort,1,2025-10-29 11:06:45,2025-10-29 11:07:35,3,6,46,50,443,0
144D_1026_R2,144,inbound,Cotta Road,0,2025-10-26 07:08:14,2025-10-26 07:09:06,8,3,23,52,371,1
171H_1029_R1,171,inbound,Cotta Road,0,2025-10-29 19:06:43,2025-10-29 19:07:21,8,5,66,38,331,0
171I_1028_R1,171,outbound,Rajagiriya,0,2025-10-28 12:52:10,2025-10-28 12:52:46,3,5,51,36,366,0
144J_1031_R2,144,inbound,Rajagiriya,1,2025-10-31 07:03:00,2025-10-31 07:03:59,11,3,28,59,572,1
144F_1029_R2,144,outbound,Fort,1,2025-10-29 20:09:00,2025-10-29 20:09:30,4,3,28,30,532,0
171E_1028_R1,171,inbound,Welikada,0,2025-10-28 17:05:52,2025-10-28 17:06:37,9,2,40,45,271,1
144A_1027_R2,144,outbound,Punchi Borella,0,2025-10-27 06:12:33,2025-10-27 06:13:14,13,2,43,41,437,0
171C_1031_R2,171,inbound,Borella,1,2025-10-31 08:51:16,2025-10-31 08:52:45,22,8,93,89,276,1
144B_1028_R2,144,outbound,Fort,1,2025-10-28 19:13:00,2025-10-28 19:14:02,6,6,23,62,274,0
144F_1026_R2,144,outbound,Borella,1,2025-10-26 06:43:21,2025-10-26 06:44:25,14,4,63,64,381,0
144G_1029_R2,144,outbound,Rajagiriya,1,2025-10-29 19:41:23,2025-10-29 19:42:23,8,9,30,60,596,0
144G_1029_R2,144,outbound,Fort,1,2025-10-29 19:21:00,2025-10-29 19:21:37,9,0,14,37,596,0
103A_1025_R2,103,inbound,Maradana,1,2025-10-25 16:16:20,2025-10-25 16:17:46,17,6,38,86,431,1
171F_1027_R1,171,outbound,Battaramulla,0,2025-10-27 11:13:02,2025-10-27 11:13:33,5,4,55,31,443,0
171D_1025_R1,171,outbound,Koswatta,1,2025-10-25 09:21:50,2025-10-25 09:22:22,4,4,110,32,536,0
103I_1025_R1,103,outbound,Narahenpita,1,2025-10-25 19:31:24,2025-10-25 19:32:01,3,7,33,37,467,0
171A_1025_R1,171,outbound,Borella,1,2025-10-25 07:42:36,2025-10-25 07:43:31,15,4,96,55,466,1
171J_1030_R1,171,inbound,Maradana,0,2025-10-30 10:56:22,2025-10-30 10:57:19,4,10,57,57,228,0
144C_1028_R1,144,outbound,Rajagiriya,1,2025-10-28 20:17:02,2025-10-28 20:17:39,4,6,53,37,500,0
144D_1028_R2,144,inbound,Maradana,0,2025-10-28 08:32:04,2025-10-28 08:32:50,9,5,44,46,362,1
171J_1025_R1,171,inbound,Koswatta,1,2025-10-25 17:46:00,2025-10-25 17:47:23,23,0,23,83,513,1
171D_1031_R2,171,inbound,Battaramulla,0,2025-10-31 20:10:02,2025-10-31 20:10:54,10,5,39,52,374,0
103E_1025_R1,103,outbound,Fort,1,2025-10-25 19:23:00,2025-10-25 19:23:43,8,4,22,43,461,0
144J_1029_R1,144,outbound,Borella,1,2025-10-29 16:40:13,2025-10-29 16:41:23,10,12,66,70,420,1
171I_1030_R1,171,inbound,Pettah,0,2025-10-30 17:04:52,2025-10-30 17:05:56,11,8,95,64,361,1
144F_1030_R2,144,inbound,Fort,1,2025-10-30 07:58:22,2025-10-30 07:59:03,5,7,60,41,532,1
171J_1028_R1,171,inbound,Koswatta,1,2025-10-28 17:58:00,2025-10-28 17:59:00,13,3,21,60,413,1
171I_1025_R1,171,inbound,Battaramulla,0,2025-10-25 09:22:21,2025-10-25 09:22:51,6,4,32,30,454,0
171A_1026_R1,171,inbound,Technical Junction,0,2025-10-26 15:40:38,2025-10-26 15:41:25,5,9,54,47,423,0
103F_1028_R1,103,inbound,Borella,0,2025-10-28 19:48:11,2025-10-28 19:48:56,12,2,27,45,240,0
103A_1029_R1,103,outbound,Maradana,0,2025-10-29 07:44:33,2025-10-29 07:45:53,17,4,61,80,551,1
171E_1025_R2,171,inbound,Battaramulla,0,2025-10-25 06:10:06,2025-10-25 06:10:56,10,4,31,50,508,0
171A_1029_R1,171,outbound,Koswatta,1,2025-10-29 19:03:42,2025-10-29 19:04:23,5,4,124,41,440,0
171G_1029_R2,171,outbound,Punchi Borella,0,2025-10-29 08:40:59,2025-10-29 08:41:56,10,6,51,57,715,1
171D_1026_R1,171,inbound,Maradana,0,2025-10-26 09:30:26,2025-10-26 09:31:23,9,7,44,57,356,0
103E_1030_R1,103,outbound,Maradana,0,2025-10-30 18:18:31,2025-10-30 18:19:40,16,4,31,69,271,1
103J_1026_R2,103,outbound,Punchi Borella,1,2025-10-26 10:33:29,2025-10-26 10:34:32,11,6,42,63,443,0
171A_1025_R1,171,inbound,Pettah,0,2025-10-25 08:20:24,2025-10-25 08:21:32,16,1,106,68,598,1
171C_1027_R1,171,inbound,Fort,1,2025-10-27 08:19:36,2025-10-27 08:20:32,8,9,72,56,540,1
171B_1026_R2,171,inbound,Welikada,0,2025-10-26 16:40:53,2025-10-26 16:42:12,20,4,54,79,467,1
103D_1031_R1,103,outbound,Maradana,0,2025-10-31 17:09:13,2025-10-31 17:10:27,14,7,39,74,577,1
171E_1028_R1,171,inbound,Punchi Borella,0,2025-10-28 17:29:51,2025-10-28 17:30:41,5,8,72,50,271,1
144I_1029_R1,144,inbound,Cotta Road,0,2025-10-29 16:56:20,2025-10-29 16:57:21,15,4,51,61,630,1
171C_1031_R1,171,outbound,Technical Junction,0,2025-10-31 09:56:24,2025-10-31 09:57:21,16,3,56,57,366,0
144E_1029_R1,144,inbound,Maradana,0,2025-10-29 09:35:23,2025-10-29 09:36:18,7,9,38,55,451,0
171F_1029_R1,171,inbound,Maradana,0,2025-10-29 10:13:33,2025-10-29 10:14:22,7,6,61,49,502,0
144B_1029_R1,144,inbound,Borella,0,2025-10-29 16:20:40,2025-10-29 16:21:54,18,2,56,74,550,1
144H_1030_R1,144,inbound,Fort,1,2025-10-30 07:30:28,2025-10-30 07:31:24,9,5,60,56,386,1
171A_1029_R1,171,outbound,Borella,1,2025-10-29 18:36:18,2025-10-29 18:37:52,21,10,120,94,440,1
144A_1031_R1,144,inbound,Maradana,0,2025-10-31 18:02:27,2025-10-31 18:03:32,9,9,52,65,591,1
171H_1030_R1,171,inbound,Pettah,0,2025-10-30 13:23:39,2025-10-30 13:24:17,5,6,52,38,571,0
103I_1025_R2,103,inbound,Punchi Borella,0,2025-10-25 16:09:08,2025-10-25 16:10:45,26,5,63,97,498,1
103D_1029_R1,103,outbound,Borella,0,2025-10-29 15:12:44,2025-10-29 15:13:10,2,4,22,26,430,0
144D_1030_R2,144,outbound,Rajagiriya,1,2025-10-30 19:22:40,2025-10-30 19:23:17,5,7,73,37,345,0
144I_1031_R2,144,inbound,Borella,0,2025-10-31 09:11:40,2025-10-31 09:12:33,11,3,35,53,400,0
171G_1028_R2,171,outbound,Technical Junction,0,2025-10-28 07:57:26,2025-10-28 07:58:28,12,4,64,62,378,1
171A_1031_R1,171,inbound,Maradana,0,2025-10-31 09:20:26,2025-10-31 09:21:00,6,1,69,34,283,0
171G_1029_R1,171,outbound,Technical Junction,0,2025-10-29 08:31:26,2025-10-29 08:32:24,12,5,36,58,548,1
171H_1031_R1,171,inbound,Fort,1,2025-10-31 11:18:52,2025-10-31 11:19:29,5,7,87,37,620,0
103G_1031_R2,103,inbound,Fort,1,2025-10-31 21:14:47,2025-10-31 21:15:46,8,7,52,59,434,0
171G_1027_R1,171,outbound,Maradana,0,2025-10-27 20:11:55,2025-10-27 20:12:27,4,3,44,32,382,0
171E_1031_R2,171,inbound,Punchi Borella,0,2025-10-31 14:47:26,2025-10-31 14:48:13,9,5,66,47,586,0
171H_1029_R1,171,inbound,Technical Junction,0,2025-10-29 19:24:04,2025-10-29 19:24:58,6,8,62,54,331,0
